/*Tipo lista produccion*/
INSERT INTO `tipo_lista_produc`(`TIPO_LISTA_ITEMS`, `DETALLE_TIPO_LISTA`) 
VALUES ('Materia Prima','Material utilizado para la produccion de un producto');
INSERT INTO `tipo_lista_produc`(`TIPO_LISTA_ITEMS`, `DETALLE_TIPO_LISTA`) 
VALUES ('Productos Produccion','Productos que son realizados en la empresa');

/*Estado Produccion*/
INSERT INTO `estado_produccion`(`ESTADO_PRODUCCION`, `DETALLE_ESTADO_PRODU`) 
VALUES ('Prepoduccion','El produccto aun no se encuentra en proceso de produccion');

INSERT INTO `estado_produccion`(`ESTADO_PRODUCCION`, `DETALLE_ESTADO_PRODU`) 
VALUES ('Bodega','El producto se encuentra almacenado esperando ingresar a produccion');

INSERT INTO `estado_produccion`(`ESTADO_PRODUCCION`, `DETALLE_ESTADO_PRODU`) 
VALUES ('Produccion','El producto se encuentra en proceso de produccion');

INSERT INTO `estado_produccion`(`ESTADO_PRODUCCION`, `DETALLE_ESTADO_PRODU`) 
VALUES ('Control de calidad','El producto esta en inspeccion de defectos ');

INSERT INTO `estado_produccion`(`ESTADO_PRODUCCION`, `DETALLE_ESTADO_PRODU`) 
VALUES ('Embalado y etiquetado','El producto esta en proceso de embalado y etiquetado para entrega final');

INSERT INTO `estado_produccion`(`ESTADO_PRODUCCION`, `DETALLE_ESTADO_PRODU`) 
VALUES ('Finalizado','El producto esta listo para la venta al cliente');

INSERT INTO `estado_produccion`(`ESTADO_PRODUCCION`, `DETALLE_ESTADO_PRODU`) 
VALUES ('Sin Stock','Este producto se encuentra agotado');

/*Tipo Item*/
INSERT INTO `tipo_item`(`TIPO_ITEM`, `DETALLE_TIPO_ITEM`) 
VALUES ('Materia Prima','Material para produccion');
INSERT INTO `tipo_item`(`TIPO_ITEM`, `DETALLE_TIPO_ITEM`) 
VALUES ('Insumos','Insumos para produccion');
INSERT INTO `tipo_item`(`TIPO_ITEM`, `DETALLE_TIPO_ITEM`) 
VALUES ('Producto','Producto para venta');

/*GRUPO_FINANCIERO*/
INSERT INTO CUENTA (CUE_ID_CUENTA,DESCRIPCION_CUENTA,CODIGO_CUENTA,INFORME_FINANCIERO,VALOR_CUENTA) VALUES
(null,"Activos","1.",1,0.0),(1,"Activos corrientes","1.1.",1,0.0),(2,"Bancos","1.1.1.",1,0.0),
(3,"Banco Pichincha","1.1.1.01.",1,5000.0),(1,"Activos fijos","1.2.",1,0.0),(5,"Inventario","1.2.1.",1,0.0),
(6,"Materia prima","1.2.1.01.",1,0.0),(6,"Insumos","1.2.2.02",1,0.0),(6,"Producto","1.2.3.03.",1,0.0),
(6,"Subproducto","1.2.1.04.",1,0.0),(null,"Pasivos","2.",1,0.0),(11,"Pasivos corrientes","2.1.",1,0.0),
(12,"Cuentas por pagar","2.1.1.",1,0.0),(13,"Pago de n贸mina","2.1.1.01.",1,0.0),(13,"Beneficios sociales","2.1.1.02.",1,0.0),
(11,"Pasivos fijos","2.2.",1,0.0),(16,"Obligaciones financieras","2.2.1.",1,75.526),(16,"Pasivos por arrendamiento","2.2.2.",1,3.571),
(null,"Patrimonio","3.",1,0.0),(19,"Capital","3.1.",1,407.166),(19,"Reservas","3.2.",1,130.000),(null,"Ingresos","4.",2,0.0),
(22,"Ingresos operativos","4.1.",2,0.0),(23,"Ventas","4.1.1.",2,0.0),(23,"Devoluciones","4.1.2.",2,0.0),
(null,"Costos","5",2,0.0),(26,"Costos Directos","5.1.",2,0.0),(27,"Costos operativos","5.1.1.",2,0.0),
(27,"Costos de ventas","5.1.2.",2,0.0),(null,"Gastos","6.",2,0.0),(30,"Gastos operativos","6.1.",2,0.0),
(31,"Gastos n贸mina","6.1.1.",2,0.0);

INSERT INTO departamento( ID_CUENTA, NOMBRE_DEPARTAMENTO,CODIGO_CUENTA, CUENTA) VALUES (32,'Administrativo','6.1.1','Gastos n贸mina');
INSERT INTO `departamento`(`ID_CUENTA`, `NOMBRE_DEPARTAMENTO`, `CODIGO_CUENTA`, `CUENTA`) VALUES (28,'Produccion','6.1.2','Costos operativos');
INSERT INTO cargo_empleado(ID_DEPARTAMENTO,DESCRIPCION_CARGO) VALUES (1,'Contador');
INSERT INTO `cargo_empleado`(`ID_DEPARTAMENTO`, `DESCRIPCION_CARGO`) VALUES (2,'Gestor de Produccion');
INSERT INTO `cargo_empleado`(`ID_DEPARTAMENTO`, `DESCRIPCION_CARGO`) VALUES (2,'Operario Produccion');
INSERT INTO banco(ID_CUENTA,NOMBRE_BANCO, SALDO) VALUES (4,'Banco Pichincha',5000);
INSERT INTO parametro_iess(NOMBRE_PARAMETRO, VALOR) VALUES ('Personal',9.4);
INSERT INTO parametro_iess(NOMBRE_PARAMETRO, VALOR) VALUES ('Patronal',11.5);
INSERT INTO `movimiento_empleado`(`ID_CUENTA`, `ID_PARAMETRO_IESS`, `DESCRIPCION_MOVIMIENTO_ENPLEADO`, `VALOR_MOVIMIENTO_EMPLEADO`) VALUES (15,1,'personal',0.0);
INSERT INTO `movimiento_empleado`(`ID_CUENTA`, `ID_PARAMETRO_IESS`, `DESCRIPCION_MOVIMIENTO_ENPLEADO`, `VALOR_MOVIMIENTO_EMPLEADO`) VALUES (14,null,'Pago de n贸mina',0.0);
INSERT INTO `movimiento_empleado`(`ID_CUENTA`, `ID_PARAMETRO_IESS`, `DESCRIPCION_MOVIMIENTO_ENPLEADO`, `VALOR_MOVIMIENTO_EMPLEADO`) VALUES (15,2,'patronal',0.0);

INSERT INTO `empleado`(`ID_CARGO_EMPLEADO`, `ID_BANCO`, `ID_MOVIMIENTO_EMPLEADO`, `NOMBRE_EMPLEADO`,
`APELLIDO_EMPLEADO`, `CEDULA_EMPLEADO`, `CORREO`, `HORAS_LABORADAS`, `SUELDO_FIJO`, `SUELDO_HORAS`, `SUELDO`, `SUELDO_NETO`) 
VALUES(2,1,2,'ELVIS','MONTALUISA','0503408080','montaluisa.e@email.com',40,450,2,450,500);

INSERT INTO `lista_items`(`ID_EMPLEADO`, `ID_CUENTA`, `ID_TIPO_LISTA_PRODUC`, `DETALLE_LISTA`, `FECHA_LISTA`, `ESTADO_LISTA`,
                          `DETALLE_ESTADO_LISTA`) 
VALUES (1,5,2,'Productos para llenar el stock','2023-01-26','EN PROCESO','PROCESO DE PRODUCCION');

INSERT INTO `item`(`ID_LISTA_ITEMS`, `ID_ESTADO_PRODUCION`, `ID_TIPO_ITEM`, `CODIGO_ITEM`, `NOMBRE_ITEM`, `FECHA_FABRI_ITEM`,
                   `FECHA1_CADU_ITEM`, `FECHA2_CADU_ITEM`, `LOTE_ITEM`, `CANTIDAD_LOTE_ITEM`, `PRECIO_ITEM`, `PESO_ITEM`,
                   `CONSERVACION_ITEM`, `DETALLE_ITEM`) 
VALUES (1,1,3,'101010','MORTADELA PLUMROSE','','','','','','','','','');

INSERT INTO `item`(`ID_LISTA_ITEMS`, `ID_ESTADO_PRODUCION`, `ID_TIPO_ITEM`, `CODIGO_ITEM`, `NOMBRE_ITEM`, `FECHA_FABRI_ITEM`,
                   `FECHA1_CADU_ITEM`, `FECHA2_CADU_ITEM`, `LOTE_ITEM`, `CANTIDAD_LOTE_ITEM`, `PRECIO_ITEM`, `PESO_ITEM`,
                   `CONSERVACION_ITEM`, `DETALLE_ITEM`) 
VALUES (1,1,3,'101010','MORTADELA PLUMROSE','2023-01-26','2023-02-26','2023-03-26','LT1010',100,1.5,200,'Refrigerado',
        'Linea Diaria');

INSERT INTO `pedido_materia_prima`(`DETALLE_PEDIDO_MATERIAP`, `FECHA_PEDIDO_MATERIAP`) 
VALUES ('Primer Pedido','02-02-2023');

INSERT INTO `proveedor`(`ID_PEDIDO_MATERIAP`, `NOMBRE_PROVEEDOR`, `TIPO_PROVEEDOR`, `RUC`) 
VALUES (1,'Indaves','Propio','123456789001');


INSERT INTO `receta_produccion`(`ID_ITEM`, `ID_PEDIDO_MATERIAP`, `NOMBRE_RECETA`, `DESCRIPCION_RECETA`,
                                `CATEGORIA_RECETA`, `TIEMPO_PRODUC_RECETA`) 
VALUES (1,1,'Receta de Embutidos de Carne','Esta es una receta Magistral','Embutidos',6);

/*Consulta productos terminados para ventas
SELECT ITEM.ID_ITEM, ITEM.ID_LISTA_ITEMS, ITEM.ID_ESTADO_PRODUCION, ITEM.ID_TIPO_ITEM, ITEM.CODIGO_ITEM, ITEM.NOMBRE_ITEM,
ITEM.FECHA_FABRI_ITEM, ITEM.FECHA1_CADU_ITEM, ITEM.FECHA2_CADU_ITEM, ITEM.LOTE_ITEM, ITEM.CANTIDAD_LOTE_ITEM, ITEM.PRECIO_ITEM,
ITEM.PESO_ITEM, ITEM.CONSERVACION_ITEM, ITEM.DETALLE_ITEM FROM `item`,`tipo_item`,`estado_produccion` 
WHERE item.ID_ESTADO_PRODUCION=estado_produccion.ID_ESTADO_PRODUCCION AND item.ID_TIPO_ITEM=tipo_item.ID_TIPO_ITEM AND
tipo_item.TIPO_ITEM='Producto' AND estado_produccion.ESTADO_PRODUCCION='Finalizado';*/

CREATE PROCEDURE LIST_PRODUCTOS()
SELECT ITEM.ID_ITEM, ITEM.ID_LISTA_ITEMS, ITEM.ID_ESTADO_PRODUCION, ITEM.ID_TIPO_ITEM, ITEM.CODIGO_ITEM, ITEM.NOMBRE_ITEM,
ITEM.FECHA_FABRI_ITEM, ITEM.FECHA1_CADU_ITEM, ITEM.FECHA2_CADU_ITEM, ITEM.LOTE_ITEM, ITEM.CANTIDAD_LOTE_ITEM, ITEM.PRECIO_ITEM,
ITEM.PESO_ITEM, ITEM.CONSERVACION_ITEM, ITEM.DETALLE_ITEM FROM item,tipo_item,estado_produccion 
WHERE item.ID_ESTADO_PRODUCION=estado_produccion.ID_ESTADO_PRODUCCION AND item.ID_TIPO_ITEM=tipo_item.ID_TIPO_ITEM AND
tipo_item.TIPO_ITEM='Producto' AND estado_produccion.ESTADO_PRODUCCION='Finalizado';

CREATE PROCEDURE list_ITEM_ALL()
SELECT lista_items.ID_LISTA_ITEMS, lista_items.ID_EMPLEADO,empleado.NOMBRE_EMPLEADO,empleado.APELLIDO_EMPLEADO,
lista_items.ID_CUENTA,cuenta.DESCRIPCION_CUENTA, lista_items.ID_TIPO_LISTA_PRODUC,tipo_lista_produc.TIPO_LISTA_ITEMS,
lista_items.DETALLE_LISTA, lista_items.FECHA_LISTA, lista_items.ESTADO_LISTA, lista_items.DETALLE_ESTADO_LISTA, lista_items.BODEGA
FROM lista_items, empleado,cuenta,tipo_lista_produc 
WHERE lista_items.ID_EMPLEADO=empleado.ID_EMPLEADO and lista_items.ID_CUENTA=cuenta.ID_CUENTA and 
lista_items.ID_TIPO_LISTA_PRODUC=tipo_lista_produc.ID_TIPO_LISTA_PRODUC;

CREATE PROCEDURE ITEMS_ALL()
SELECT item.ID_ITEM, item.ID_LISTA_ITEMS, .item.ID_ESTADO_PRODUCION,estado_produccion.ESTADO_PRODUCCION, item.ID_TIPO_ITEM,
tipo_item.TIPO_ITEM,item.CODIGO_ITEM, item.NOMBRE_ITEM, item.FECHA_FABRI_ITEM, item.FECHA1_CADU_ITEM, item.FECHA2_CADU_ITEM,
item.LOTE_ITEM, item.CANTIDAD_LOTE_ITEM, item.PRECIO_ITEM, item.PESO_ITEM, item.CONSERVACION_ITEM, item.DETALLE_ITEM, 
item.ID_RECETAP FROM item, estado_produccion, tipo_item 
WHERE item.ID_ESTADO_PRODUCION=estado_produccion.ID_ESTADO_PRODUCCION and item.ID_TIPO_ITEM=tipo_item.ID_TIPO_ITEM;

/*
INformes Financieros , Balance y Estado de Resultados
*/
INSERT INTO `informe_financiero` (`ID_INFORME_FINANCIERO`, `TIPO_INFORME`, `FECHA`) VALUES ('1', 'Estado', '2019-05-18');
INSERT INTO `informe_financiero` (`ID_INFORME_FINANCIERO`, `TIPO_INFORME`, `FECHA`) VALUES ('2', 'Estado', '2019-05-18');
INSERT INTO `informe_financiero` (`ID_INFORME_FINANCIERO`, `TIPO_INFORME`, `FECHA`) VALUES ('3', 'Balance', '2019-12-02');

INSERT INTO `estado_financiero` (`id_informe_financiero`, `fecha`, `ingresos`, `costos`, `gastos`) VALUES ('1', '2022-12-14', '4560000', '20000', '8000');

INSERT INTO `estado_financiero` (`id_informe_financiero`, `fecha`, `ingresos`, `costos`, `gastos`) VALUES ('2', '2022-12-14', '150000', '30000', '4000');

INSERT INTO BALANCE_GENERAL (ID_INFORME_FINANCIERO, FECHA, ACTIVOS, PASIVOS, PATRIMONIO)
VALUES (1, '2023-02-11', 100000, 50000, 50000);